name,country,phone,list
Brandon Murphy,Nigeria,1-671-575-3241,sandwiches
Benjamin Donovan,Austria,(529) 221-7946,seafood
Jayme Dejesus,Poland,(207) 727-2654,soups
Isabelle Luna,Turkey,(697) 822-5496,pasta
Omar Chang,Russian Federation,(164) 203-4856,pies
Uriah Wilder,Indonesia,1-721-216-5235,cereals
Wynne Whitney,Pakistan,(534) 687-8162,pasta
Brenda Mclaughlin,Indonesia,1-425-530-0588,stews
Jamalia Williamson,Netherlands,1-824-821-3926,stews
Dana Albert,Belgium,(784) 815-0780,pasta
Brent Peters,Chile,1-505-845-3809,pasta
Winifred Gregory,Spain,(333) 275-3625,seafood
Natalie Morse,France,1-204-537-6711,pasta
Carolyn Stokes,Ireland,(475) 247-3138,salads
Xavier Gillespie,Peru,1-930-330-9285,pies
Melyssa Allison,Poland,(446) 248-2383,sandwiches
Lane Head,Vietnam,1-686-351-0917,desserts
Aurelia Barber,Colombia,(424) 677-6464,sandwiches
Stephen Shelton,Poland,1-247-202-0410,sandwiches
Stewart Riggs,Brazil,(818) 653-1847,desserts
Quentin Walter,France,1-512-805-7970,pasta
Channing Gill,Italy,1-635-788-0837,noodles
Kyla Webster,Turkey,(938) 846-4723,stews
Alfonso Ortiz,Costa Rica,1-854-353-4682,stews
Maite Merrill,Spain,1-347-373-2028,desserts
Kibo Avila,Chile,1-598-441-4362,noodles
Dominique Lamb,Turkey,(249) 667-1464,pies
Brennan Stevens,South Korea,1-271-325-4581,seafood
Jaden Klein,South Korea,(469) 363-3037,noodles
Kelly Franco,Sweden,(875) 131-1495,seafood
Elliott Lynn,Sweden,1-363-265-4828,seafood
Vanna Hester,Colombia,(336) 784-7555,pies
Meghan Acosta,Costa Rica,1-846-437-8385,cereals
Lillian Banks,Spain,(384) 932-4294,stews
Sydnee Randall,Germany,(762) 423-6643,pasta
Kasper Wolfe,New Zealand,(239) 813-2251,pasta
Paki Bender,France,(557) 374-2105,desserts
Amelia Faulkner,Italy,1-252-236-9383,stews
Freya Hensley,Russian Federation,1-159-778-0114,noodles
Beck Bryan,Austria,(246) 968-5371,pies
Daniel Hess,Spain,(996) 856-7324,seafood
Beau Owen,Belgium,(333) 395-6373,noodles
Finn Cote,Spain,1-414-722-5557,salads
Vanna Bradford,United States,1-653-734-4468,noodles
Erich Ratliff,Brazil,1-635-240-7035,stews
MacKensie Hester,Germany,(562) 446-7454,desserts
Isaiah Henry,Italy,(880) 885-7020,pasta
Latifah Terry,Mexico,1-242-641-1129,seafood
Ulla Hunter,Canada,1-844-671-4826,seafood
Evelyn Key,Poland,1-376-816-6552,seafood
Lesley Benson,Ireland,1-624-297-2924,noodles
Quin Burks,Belgium,1-641-608-4425,noodles
Flavia Kim,China,1-822-207-7360,sandwiches
Hiram Barton,Spain,1-253-906-7456,noodles
Cameran Hamilton,United States,(415) 363-4468,cereals
Nicholas Santana,Turkey,(574) 743-5946,pies
Guy Byrd,France,(212) 276-9488,noodles
Yuri Hopkins,France,1-239-677-7534,noodles
Geraldine Perry,Colombia,1-664-448-2762,noodles
Nevada Jensen,United States,1-187-695-6346,sandwiches
Kimberly Sellers,Turkey,1-396-835-3213,soups
Karen Atkins,Peru,(701) 446-5458,noodles
Garrison Spence,India,(234) 321-4259,desserts
Galena Roth,China,1-637-563-1606,noodles
Virginia Robertson,New Zealand,(562) 200-1522,soups
Florence Russell,India,(780) 726-4022,sandwiches
Steel Winters,France,1-229-423-3180,noodles
Ignatius Skinner,Italy,1-591-410-6588,stews
Arden Deleon,Turkey,(623) 944-3037,desserts
Vladimir Ellison,Costa Rica,1-435-952-2815,soups
Gavin Mcconnell,Russian Federation,(665) 774-3460,desserts
Jayme Santiago,Brazil,1-750-569-6453,desserts
Porter Conner,India,1-242-368-5776,stews
Cade Conner,Indonesia,(759) 510-2169,sandwiches
Venus Cohen,Belgium,1-764-725-1541,sandwiches
Roary Knight,Colombia,1-181-432-4101,desserts
Bree Lindsey,Australia,(342) 596-7115,pasta
Xavier Scott,Costa Rica,1-845-527-4464,salads
Orli Good,Brazil,(660) 475-1661,salads
Nerea Jimenez,Colombia,1-286-342-2665,pies
Camilla Hopkins,Mexico,(872) 443-2118,pies
Hakeem Stein,Nigeria,(761) 673-7668,desserts
Alden Hudson,Pakistan,(304) 531-1468,sandwiches
Lev Bowers,Indonesia,1-284-687-3866,stews
Ethan Miller,Vietnam,1-419-488-6656,stews
Iris Foley,India,1-888-114-4765,soups
Uriah Byers,Indonesia,1-382-255-4076,stews
Haley Peck,Brazil,(841) 514-8019,sandwiches
Amal Herman,Australia,(610) 584-7613,seafood
Illana Davenport,Australia,(412) 528-3608,cereals
Irma Bolton,India,1-467-375-7665,cereals
Julie Holcomb,Poland,(647) 409-2640,desserts
Roth Sawyer,New Zealand,(815) 895-7841,desserts
Regina Landry,Brazil,1-796-263-2253,salads
Noelle Stone,Costa Rica,(552) 392-3849,pies
Gray Carter,Canada,(468) 526-6451,pasta
Rowan Vasquez,South Korea,(748) 534-7651,sandwiches
Lane Morales,Ireland,(424) 998-8851,desserts
Moana Buchanan,Vietnam,1-558-529-5162,stews
Graiden Marks,Indonesia,1-978-253-2354,pasta
Channing Randolph,Pakistan,(876) 355-7675,desserts
Nina Hooper,Costa Rica,1-591-634-7131,desserts
Rogan Guy,South Korea,(215) 618-7377,sandwiches
Quinn Bender,Russian Federation,(101) 674-3071,pasta
Jemima Gallegos,United Kingdom,1-955-488-8167,sandwiches
Kareem Small,Austria,1-625-578-8785,noodles
Astra Stout,Netherlands,(351) 245-4235,stews
Sybill Riggs,Canada,1-572-725-6833,pies
Nola Erickson,Italy,(804) 416-0626,pasta
Ann Carpenter,Canada,1-698-602-4986,soups
Mason Witt,Colombia,1-429-886-8213,soups
Serena Washington,Nigeria,1-393-452-3146,pasta
Nita Love,Germany,1-977-837-1653,noodles
Keelie Black,United Kingdom,(177) 957-7248,cereals
Hop Phillips,Turkey,1-825-568-4882,soups
Gareth Sanders,Belgium,(289) 870-1612,soups
Buffy Giles,Mexico,1-176-929-1426,sandwiches
Fuller Martinez,China,(304) 646-3328,noodles
Kasimir Mccray,Netherlands,(164) 578-5623,seafood
Nathaniel Morse,Peru,(444) 367-6137,soups
Aaron Craft,Russian Federation,(778) 808-1268,stews
Avram Mathis,Vietnam,1-368-238-5834,soups
Armand Mcintosh,Ireland,1-371-643-0186,stews
Nomlanga Holloway,Ireland,1-442-425-3979,sandwiches
Jeanette Cline,Sweden,1-286-367-6508,pasta
Alden Nieves,Italy,1-536-202-7313,cereals
Chester Levine,Netherlands,(752) 357-6303,desserts
Susan Brady,Belgium,(865) 651-6706,soups
Eleanor Mccormick,South Korea,1-319-521-4898,soups
Kenneth Reyes,Netherlands,(816) 365-0743,seafood
Abigail Porter,Ireland,1-515-415-8833,noodles
Ivor Atkinson,Indonesia,1-147-523-8632,noodles
Steel Valenzuela,United Kingdom,1-368-557-2150,stews
Dexter Kidd,Spain,(363) 601-3416,soups
Shaeleigh Ratliff,Chile,1-280-521-3311,stews
Yasir Gillespie,Russian Federation,(446) 612-1265,salads
Quinlan Ryan,France,1-647-324-5371,pasta
Castor Dotson,Canada,(551) 847-2468,pasta
Heidi Montgomery,Vietnam,1-513-741-6867,cereals
Karyn Mccarty,Chile,(427) 843-7494,pasta
Rose Gibson,Peru,(579) 884-0038,stews
Zeus Wood,France,1-855-766-2836,seafood
Lester Bryan,United States,(195) 722-7825,cereals
Marvin Barrett,Germany,(618) 931-5265,cereals
Dale Dotson,Brazil,1-634-511-4662,salads
Rhonda Grimes,Costa Rica,(371) 488-4622,pies
Kibo Reeves,Belgium,(236) 530-0754,sandwiches
Lyle Roberts,Chile,1-867-182-8776,pasta
Daphne Wilkins,Turkey,1-564-129-4686,pasta
Fuller Mack,Mexico,1-768-546-5718,noodles
Silas England,Ireland,(954) 301-1349,noodles
Nathan Oliver,Nigeria,1-517-283-1906,stews
Alice Kane,Russian Federation,1-474-533-4785,stews
Arthur Cote,Chile,(645) 750-9667,stews
Rashad Morris,Ireland,1-581-765-2602,noodles
Xanthus Griffin,Mexico,1-876-517-2018,noodles
Kelsie Fischer,Chile,1-266-636-1710,pies
Tara Molina,Mexico,(262) 752-3363,salads
David Stanton,Costa Rica,(238) 453-3119,seafood
Maya Cummings,Netherlands,(375) 722-2486,desserts
Darrel Hill,United Kingdom,1-590-922-6881,seafood
Donna Trujillo,Netherlands,(630) 117-6682,cereals
Miranda Vaughan,Mexico,(688) 628-8842,sandwiches
Quintessa Dudley,Poland,1-262-335-6963,salads
Tatyana Osborne,Canada,(978) 589-7800,seafood
Thane Chapman,South Korea,1-353-275-7603,pies
Wade Curry,Netherlands,1-271-823-8431,salads
Colleen Fulton,Chile,(861) 875-6351,soups
Donovan Spencer,United Kingdom,(611) 714-4647,stews
Adrian Mcintyre,Ireland,(312) 436-7827,soups
Daryl Mcgowan,Indonesia,1-262-688-0269,seafood
Omar Harvey,Australia,(178) 731-0753,soups
Sean Whitney,Colombia,(833) 867-3655,sandwiches
Breanna Chan,Brazil,(637) 512-1342,seafood
Oren White,Belgium,(712) 776-8783,pasta
Callum Wilson,Austria,(279) 283-8954,sandwiches
Tara Riddle,Italy,(302) 218-5760,noodles
Aiko Hebert,Indonesia,1-618-167-5908,pasta
Deacon Johns,New Zealand,1-266-243-2620,noodles
Debra Nguyen,Netherlands,(854) 211-3288,cereals
Thane Mathis,Sweden,(417) 278-3780,pies
Karyn Allison,Germany,1-123-495-5261,pasta
Dylan Bright,Turkey,(651) 170-6156,salads
Brenna Porter,Canada,(515) 584-1134,soups
Hilda Wilkerson,Turkey,1-665-625-2335,salads
Ayanna Douglas,Canada,(600) 876-8152,sandwiches
Alden Hobbs,China,(996) 926-6651,cereals
Hayley Rutledge,United Kingdom,(892) 518-2284,pasta
Marny Griffin,Chile,(867) 308-9764,seafood
Faith Massey,Netherlands,(475) 313-2371,pasta
Byron Hernandez,United Kingdom,1-653-320-1939,noodles
Baker Collier,Netherlands,1-644-253-4325,noodles
Autumn Sullivan,Colombia,1-866-277-3479,sandwiches
Benedict Hatfield,Brazil,(846) 316-6402,noodles
Eliana Branch,Costa Rica,1-853-738-7854,stews
Jerome Schneider,Turkey,1-982-887-3538,noodles
Lucian Stephenson,Russian Federation,1-328-962-6325,pasta
Warren Clements,Germany,1-105-981-7215,cereals
Leo Doyle,Colombia,(978) 685-1724,sandwiches
Jesse Durham,Ireland,1-878-165-5298,desserts
Katelyn Green,United Kingdom,(412) 845-6287,pasta
Emmanuel Armstrong,Costa Rica,(347) 654-7661,pies
Jameson Case,Nigeria,1-776-466-2249,soups
Shannon Kidd,Netherlands,(471) 318-1216,noodles
Griffin Dotson,Ireland,(718) 296-0867,desserts
Dorothy Stevenson,Australia,1-244-286-6723,pasta
Kyle Benson,Indonesia,1-712-444-8343,noodles
Quyn Bowers,Canada,(524) 298-2393,sandwiches
Dominique Roberson,South Korea,1-471-752-4783,pasta
Sarah Wiley,India,1-272-336-1388,noodles
Donovan Gilmore,Russian Federation,1-644-713-4721,stews
Blaze Bonner,Nigeria,1-888-643-3465,desserts
Keegan Bauer,Austria,(562) 515-7481,cereals
Wynne Hines,Turkey,(349) 448-6570,stews
Keith Durham,Indonesia,1-812-818-6338,sandwiches
Robert Wilkinson,India,(358) 379-2380,pies
Alec Medina,Colombia,1-232-110-3822,salads
Eve Schultz,Indonesia,1-344-867-2078,sandwiches
Benedict Gamble,Peru,(224) 421-8177,pies
Hayes Prince,Australia,1-428-977-8153,soups
Stone Lawrence,Costa Rica,(362) 533-6249,soups
Thaddeus Cotton,Sweden,1-850-265-6057,pasta
James Wyatt,Brazil,(397) 463-8914,desserts
Byron Conrad,Germany,1-531-924-6057,pies
Kasper Brock,India,(824) 575-8736,sandwiches
Jameson Vang,Canada,1-216-204-9236,noodles
Savannah Copeland,Mexico,1-241-512-7661,seafood
Acton Bullock,Italy,(633) 528-9802,salads
Hector Mckenzie,Pakistan,(441) 365-9112,pies
Diana Green,France,1-555-741-5628,desserts
Walker Velasquez,Italy,(302) 555-9880,noodles
Caesar Barlow,Nigeria,(717) 287-8183,soups
Brooke Fox,Spain,1-605-826-5647,sandwiches
Ava Macias,India,(624) 387-6178,pasta
Aretha Walsh,United States,(671) 365-9800,desserts
Brenna Noble,Russian Federation,(881) 179-4533,pasta
Thane Navarro,Colombia,1-257-657-4448,stews
Harlan Kim,United Kingdom,(258) 566-1621,noodles
Wallace Sweet,United Kingdom,(708) 976-2764,desserts
Ciaran Buck,United Kingdom,1-747-556-2583,pasta
Dacey May,Canada,(783) 787-5054,salads
Larissa Wilkinson,South Korea,1-835-654-4916,pies
Kyle Flores,Costa Rica,1-331-446-6322,noodles
Jael Hayden,Austria,1-461-583-3048,desserts
Inga Hammond,Germany,(910) 754-8595,cereals
Kristen Henderson,India,(615) 661-3279,soups
Eagan Guthrie,New Zealand,(588) 902-4577,noodles
Beatrice Haley,Germany,(761) 574-4430,pies
Gary Wright,Poland,1-868-412-1203,desserts
Mercedes Bonner,France,1-433-753-7853,sandwiches
Lev Pate,Brazil,(365) 452-1686,desserts
Alexander Copeland,United States,(263) 854-4069,salads
Phelan Albert,Ireland,(335) 773-2337,cereals
Gail Jenkins,Colombia,1-910-756-4069,seafood
Quinn Kent,Peru,(747) 837-1338,seafood
Tara Mccormick,New Zealand,1-743-449-0464,desserts
Karyn Lewis,New Zealand,1-716-481-6532,stews
Oleg Leon,Vietnam,(111) 623-3873,soups
Hammett Faulkner,Russian Federation,1-531-744-4423,cereals
Geoffrey Hardin,Sweden,(278) 400-2385,seafood
Miriam Sosa,Costa Rica,(312) 567-6743,salads
Julian Snider,Ireland,1-513-180-8874,pies
Darrel O'connor,Ireland,1-378-955-6744,salads
Ariana Fry,Spain,1-578-511-7318,noodles
Lillian Mills,Nigeria,(648) 868-1447,seafood
Isabelle Lowery,New Zealand,(246) 351-0246,cereals
Pandora Blankenship,Australia,1-783-269-3232,desserts
Dean Mckee,Pakistan,(332) 522-1819,salads
Yolanda Dillon,New Zealand,(469) 448-7407,cereals
Fritz Spencer,Nigeria,(678) 872-7546,pies
Hamilton Montgomery,France,(245) 779-8253,stews
Dale Mcfarland,Costa Rica,(335) 664-5176,seafood
Diana Bird,Costa Rica,1-737-488-5483,noodles
Xena Cain,Mexico,(838) 471-7846,desserts
Helen Johnson,United States,(375) 532-8189,sandwiches
Emmanuel Herring,Pakistan,1-202-323-3713,sandwiches
Melinda Russo,Belgium,1-178-246-7495,stews
Carolyn Manning,Nigeria,1-324-986-7043,pasta
Cedric Meadows,Austria,(516) 232-6917,pasta
Derek Powell,New Zealand,(682) 413-8327,cereals
Victor Reed,Costa Rica,(715) 180-6645,pasta
Wyoming Stewart,Sweden,1-650-524-7821,sandwiches
Knox Benson,India,1-519-575-2633,seafood
Shannon Farley,Spain,1-858-533-3862,soups
Hilel Wong,China,(694) 791-8388,soups
Brandon Gallagher,South Korea,1-243-862-3288,desserts
Daphne Velez,Spain,1-852-577-0164,cereals
Keaton Medina,Peru,1-360-922-8472,seafood
Wade Mcfadden,United Kingdom,1-887-446-6874,cereals
Phillip Franklin,Vietnam,1-559-482-8481,noodles
Jack Mcclure,South Korea,1-142-856-2151,noodles
Marshall Rojas,Vietnam,(969) 221-7267,pies
Ray Greer,Colombia,(524) 201-7754,soups
Justine Hodges,Turkey,(857) 354-7019,stews
Macy Barker,Indonesia,1-407-734-4731,sandwiches
Eric Snyder,Belgium,(738) 272-7436,soups
Irene Callahan,Indonesia,1-833-222-9784,salads
Ursa Myers,Russian Federation,(896) 281-9682,noodles
Cameron Todd,India,1-242-607-7758,cereals
Ruth Oneal,United States,(374) 583-0151,sandwiches
Omar Duncan,Australia,(565) 518-9113,cereals
Justin Kent,Vietnam,1-467-143-7658,sandwiches
Raphael Jacobson,Ireland,(354) 550-4233,seafood
Conan Levine,Austria,(543) 993-2161,desserts
Melanie Gray,Germany,(410) 639-5558,stews
Aretha Oneil,Austria,(366) 555-4571,stews
Basia Bridges,Netherlands,1-883-646-4573,desserts
Cheryl Sawyer,Mexico,(848) 188-0854,desserts
Idona Bean,Peru,(780) 741-2471,pies
Brenna Cohen,Australia,1-453-718-2353,pies
Jameson Osborne,Costa Rica,(951) 583-3226,salads
Nyssa Sosa,Vietnam,1-742-235-3355,sandwiches
Kathleen Franklin,United States,(564) 565-1592,desserts
Jackson Stark,Russian Federation,(472) 266-5726,salads
Ivy Villarreal,Pakistan,(747) 538-5735,seafood
Eve Cox,China,1-887-317-4342,stews
Aimee Ward,Sweden,1-845-365-9221,seafood
Xaviera Anthony,Sweden,(674) 884-9169,soups
Paul Nixon,Mexico,(677) 456-1045,soups
Jamalia Bates,Belgium,(873) 341-5451,desserts
Hamilton Hawkins,Brazil,1-833-671-5144,pasta
Griffith Kent,South Korea,1-922-828-6481,noodles
Graham Kramer,Sweden,(394) 216-8744,stews
Kim Carver,Vietnam,1-957-458-5665,seafood
Aquila Hood,South Korea,(655) 756-0939,stews
Abel Williams,Brazil,1-632-786-8871,pies
Jillian Harrell,Costa Rica,1-355-634-1572,soups
Leonard Lopez,Austria,(383) 423-8517,salads
Chaney Osborn,Chile,(641) 328-1628,noodles
Carissa Garza,China,1-455-927-7543,sandwiches
Darrel Robinson,New Zealand,1-727-255-1754,pies
Aretha Patel,Netherlands,1-705-653-8794,seafood
Walter Soto,Australia,(459) 377-7152,cereals
Alexa Banks,Indonesia,1-651-669-3359,soups
Palmer Paul,South Korea,(782) 438-6823,cereals
Ifeoma Burris,Colombia,1-653-354-2149,cereals
Anastasia Gross,New Zealand,(299) 165-8784,seafood
Kato Cline,United Kingdom,(691) 749-3279,seafood
Dorian Andrews,Vietnam,(712) 996-4039,stews
Nolan Stokes,United States,(244) 916-0276,salads
Lucy Kent,India,1-723-810-1451,salads
Heather Campbell,Netherlands,(581) 344-1501,pies
Basil Huffman,Austria,1-915-451-1454,stews
Phillip George,Mexico,(196) 554-4761,cereals
Linus Mathews,Indonesia,1-928-351-3286,desserts
Reuben Rosales,Peru,(476) 386-1871,cereals
Tasha Kane,Ireland,(856) 453-8347,salads
Phelan Castillo,Russian Federation,(367) 224-5527,desserts
Chester Dunn,United Kingdom,1-667-562-8119,soups
Brynn Jensen,Russian Federation,(668) 447-4220,pasta
Miranda Durham,Vietnam,1-497-661-5851,noodles
Kane Gentry,Belgium,(463) 446-7623,desserts
Erich Barrera,Nigeria,1-529-741-6872,soups
Audrey Patterson,Turkey,(621) 149-5782,desserts
Ginger Kirk,Chile,1-686-710-6664,seafood
Thor Maldonado,Netherlands,1-559-488-8533,noodles
Keefe Manning,Netherlands,(425) 536-6183,soups
Rhoda Leonard,Pakistan,1-484-561-8816,stews
Signe Daugherty,Sweden,1-498-372-0557,salads
Marah Wilkerson,Costa Rica,(458) 932-6028,sandwiches
Jayme Howell,Belgium,1-774-603-6508,pies
Kelly Carey,Turkey,1-514-734-6276,cereals
Cyrus Bradshaw,India,(632) 260-3102,soups
Jennifer Cleveland,United Kingdom,1-746-640-5771,pasta
Harding Cooley,Indonesia,(857) 436-8448,salads
Yuli Whitley,United Kingdom,1-867-347-2891,pies
Carla Dickson,Costa Rica,(835) 681-0469,stews
Isabelle Pollard,Spain,(947) 628-9086,desserts
Rinah Patrick,Costa Rica,(882) 838-8728,desserts
Jemima Shepherd,India,(431) 522-0921,seafood
Ivy Snyder,Belgium,(434) 496-7004,stews
Oleg Conner,China,1-446-471-5964,salads
Nyssa Valdez,Belgium,(786) 281-1254,cereals
Tallulah Wolf,New Zealand,(345) 842-4327,cereals
Lani Ryan,Belgium,(685) 259-4049,pasta
Elijah Horton,Spain,1-433-450-7281,cereals
Robert Boyle,Vietnam,1-633-926-7834,salads
Athena Brewer,Italy,1-243-848-4569,desserts
Cade Stanton,United States,(794) 926-7244,soups
Jayme Miranda,New Zealand,1-718-244-8892,sandwiches
Tara Potter,Canada,1-321-849-4564,desserts
Bernard Hinton,Italy,1-269-662-7668,desserts
Alexa Hamilton,Russian Federation,1-689-629-7381,pasta
Warren Montoya,Brazil,(765) 187-6108,desserts
Cora Paul,Germany,1-215-703-1845,cereals
Plato Brooks,United Kingdom,1-774-206-6853,sandwiches
Zachery Fox,United States,1-886-613-9061,desserts
Margaret Dyer,Colombia,(284) 387-6223,seafood
Quentin Nunez,Chile,(874) 442-2371,seafood
Iris Garza,Italy,(817) 864-1115,pies
Ashton Deleon,Spain,(441) 619-3395,stews
Dylan Taylor,Germany,1-756-503-0873,soups
Nolan Crane,Turkey,1-362-488-3780,noodles
Justina Harding,Germany,(375) 763-8946,desserts
Desiree Singleton,Netherlands,1-944-557-5638,soups
Quon Myers,Ireland,(557) 698-5281,pasta
Lara Mcfadden,Nigeria,(601) 409-1904,pasta
Anastasia Mullen,Germany,(673) 531-5265,noodles
Kelly Macias,Poland,1-603-604-8059,pasta
Fleur Stokes,Mexico,1-342-751-0328,noodles
Leslie Zimmerman,Poland,1-834-308-1741,salads
Timothy Matthews,China,1-498-818-1364,sandwiches
Paula Barnes,Turkey,1-394-786-7751,seafood
Rajah Martinez,Italy,1-468-225-5174,noodles
Bernard Holloway,Spain,1-173-451-8662,seafood
Elvis Mclean,Peru,(785) 551-2750,desserts
Hayden Cook,China,1-188-221-0350,seafood
Cedric Cleveland,Australia,(723) 416-3780,salads
Chelsea Brooks,Chile,1-461-360-3764,salads
Hamish Nolan,Ireland,1-329-242-6828,seafood
Karleigh Workman,Vietnam,1-311-453-1884,desserts
Tatyana Merritt,Brazil,1-464-514-5889,seafood
Penelope Pope,France,1-813-661-9582,stews
Christian Yates,Belgium,(417) 329-2462,seafood
Jeremy Santos,China,1-424-888-0815,soups
Larissa Ratliff,Austria,1-508-947-2844,seafood
Ocean Baxter,Australia,1-735-288-6213,soups
Tasha Espinoza,India,1-666-273-2733,seafood
Quon Kent,France,(607) 417-8024,cereals
Jolene Meyers,Nigeria,(239) 445-0727,soups
Aimee Grimes,Canada,(225) 274-1330,pies
Veda Mccray,New Zealand,(347) 188-6351,stews
Dean Villarreal,United Kingdom,1-687-236-3868,stews
Ayanna Duran,Costa Rica,(407) 480-1443,noodles
Colt Bernard,Spain,1-320-719-6183,sandwiches
Aiko Brady,Costa Rica,(442) 468-6824,pies
Kylie Mccall,Canada,1-367-266-8089,sandwiches
Dominique Shepherd,Indonesia,(521) 414-4998,cereals
Timon Acevedo,United Kingdom,(834) 577-5795,pasta
David Robbins,Colombia,1-420-287-5781,sandwiches
Allegra Keith,Peru,(835) 358-9378,seafood
Alexis Prince,Italy,(627) 774-4336,desserts
Carson Noble,Mexico,(597) 331-7116,cereals
Andrew Greene,Russian Federation,(833) 661-5801,cereals
Colby Gross,Spain,(674) 509-6547,cereals
Giacomo Ross,Sweden,(638) 624-9693,salads
Adrian Moody,Belgium,(865) 579-4554,soups
Aurelia Davenport,India,(669) 962-7324,pies
Blaze Ballard,Russian Federation,(759) 221-6548,desserts
Sean Bird,Pakistan,1-636-340-7784,sandwiches
Kitra Pate,South Korea,(277) 313-6684,desserts
Rina Wilder,Costa Rica,(695) 319-0091,pies
Jameson Barlow,Netherlands,(771) 604-5017,soups
Karen Holman,Spain,1-827-269-1784,desserts
Kieran Kirby,United States,1-383-831-6880,desserts
Emerald Glass,India,1-370-828-6896,sandwiches
Henry Payne,New Zealand,1-581-730-5679,pies
Upton Head,New Zealand,1-335-483-4058,cereals
Axel Huff,Brazil,1-579-412-0338,pasta
Tasha Randall,South Korea,(516) 500-4848,seafood
Quail Holder,Peru,(255) 644-0738,soups
Harrison Mccoy,Russian Federation,(925) 334-5766,sandwiches
Raja Gilbert,Mexico,1-519-524-4380,stews
Carl Valencia,Poland,1-334-131-8685,sandwiches
Alexa Deleon,Chile,1-425-817-8828,salads
Nadine Morris,Netherlands,1-845-675-7123,pasta
Vincent Taylor,Costa Rica,1-101-561-0869,sandwiches
Ila Hodge,China,(592) 855-9652,seafood
Kirk Romero,New Zealand,(968) 302-7468,pies
Alan Hoover,United States,(602) 431-8261,noodles
Frances Williams,Italy,1-763-868-2417,stews
Katell Mcdowell,Brazil,(442) 452-7386,salads
Raja Pratt,Belgium,(373) 367-1954,stews
Jacqueline Preston,United States,1-850-397-1037,pies
Anjolie Gonzales,United States,1-496-153-2475,noodles
Sharon Pearson,India,(804) 772-9876,sandwiches
Helen Robertson,South Korea,(723) 358-3657,desserts
Lavinia Lott,Austria,1-688-233-9718,noodles
Neville Robinson,Peru,1-578-243-5489,pies
Wanda Mathis,Ireland,(885) 825-7067,pies
Adam Velez,United States,1-660-858-1981,pasta
Otto Woods,Indonesia,1-387-725-2773,cereals
Tucker Patterson,Vietnam,1-378-801-8145,desserts
Edan Short,Pakistan,(738) 284-2834,seafood
Cedric Cortez,India,1-878-534-8746,noodles
Stella Cruz,United States,1-390-211-8032,stews
Yardley Dunlap,United Kingdom,1-523-556-4613,seafood
Xaviera Gill,Pakistan,(332) 693-9460,desserts
Caldwell Nicholson,United Kingdom,1-392-605-1824,pies
Anthony Mayer,New Zealand,(285) 418-0771,salads
Simon Olson,Ireland,1-523-739-7744,sandwiches
Rogan Benson,Italy,1-562-331-2004,seafood
Nigel Hartman,Spain,(437) 344-7687,noodles
Jemima Larsen,China,(695) 821-4570,salads
Martha Flores,Russian Federation,(639) 133-9694,pasta
Declan Fernandez,United States,1-515-245-3862,sandwiches
Upton Hurley,Peru,(982) 781-5454,stews
George Wallace,Turkey,1-966-197-5816,desserts
Elmo Hunter,Costa Rica,(403) 348-2812,sandwiches
Caleb Randolph,Netherlands,(570) 764-4752,noodles
Craig Stevens,Poland,(278) 784-6215,seafood
Maile Bowers,United Kingdom,(618) 383-3874,cereals
Orli Hancock,New Zealand,(579) 640-8866,salads
Edward Hensley,Germany,1-384-546-5081,desserts
Acton Taylor,Spain,(247) 464-3643,pasta
Jeremy Jacobs,Belgium,1-434-776-8888,pies
Julian Haley,Indonesia,1-877-264-9898,pies
Carl Brewer,Spain,(164) 211-3346,desserts
Doris Flowers,New Zealand,1-681-795-5592,pasta
Melissa Meyer,Poland,1-532-458-5859,stews
